It is now 11:45am. What time will it be in 35 minutes?,12:20pm,12:20am,12:30pm,12:15pm,12:30am
It is now 11:45pm. What time will it be in 35 minutes?,12:20am,12:20pm,12:30pm,12:15pm,12:30am
It is now 8:30am. How many minutes will it be until 9:45am?,75 minutes,65 minutes,85 minutes,45 minutes,55 minutes
It is now 8:30am. How many minutes will it be until 10:15am?,105 minutes,110 minutes,100 minutes,95 minutes,45 minutes
It is now 8:30am. How long will it be until midday?,3 1/2 hours,2 1/2 hours,1 1/2 hours,90 minutes,150 hours
What is 3:30pm in the 24 hour clock?,15:30,16:30,15:20,03:30,17:30
What is 11:30pm in the 24 hour clock?,23:30,11:30,11:00,23:00,23:20
What is 9:30pm in the 24 hour clock?,21:30,23:30,23:00,23:20,09:30
What is 9:30am in the 24 hour clock?,09:30,21:30,23:30,23:00,23:20
What is 23:30 in the 12 hour clock?,11:30pm,11:30am,11:20am,11:20pm,23:30
What is 11:30 in the 12 hour clock?,11:30am,11:30pm,11:20am,11:20pm,11:30